DROP TABLE categoria_tarjeta CASCADE CONSTRAINTS;

DROP TABLE cliente CASCADE CONSTRAINTS;

DROP TABLE empleado CASCADE CONSTRAINTS;

DROP TABLE producto_cliente CASCADE CONSTRAINTS;

DROP TABLE sucursal CASCADE CONSTRAINTS;

DROP TABLE tipo_empleado CASCADE CONSTRAINTS;

CREATE TABLE categoria_tarjeta (
    cat_tarjeta  VARCHAR2(10) NOT NULL,
    descrip_tar  VARCHAR2(100) NOT NULL
);

ALTER TABLE categoria_tarjeta ADD CONSTRAINT categoria_tarjeta_pk PRIMARY KEY ( cat_tarjeta );

CREATE TABLE cliente (
    run_cli           VARCHAR2(10) NOT NULL,
    nom_cli           VARCHAR2(25) NOT NULL,
    apat_cli          VARCHAR2(25) NOT NULL,
    amat_cli          VARCHAR2(25) NOT NULL,
    sueldo_bruto      NUMBER(10) NOT NULL,
    fecha_nacimiento  DATE,
    celular           VARCHAR2(10),
    fono_cel          VARCHAR2(10),
    fecha_ing_banco   DATE,
    cod_emp           VARCHAR2(25) NOT NULL
);

ALTER TABLE cliente ADD CONSTRAINT cliente_pk PRIMARY KEY ( run_cli );

CREATE TABLE empleado (
    cod_emp               VARCHAR2(25) NOT NULL,
    nom_emp               VARCHAR2(25) NOT NULL,
    apat_emp              VARCHAR2(25) NOT NULL,
    amat_emp              VARCHAR2(25) NOT NULL,
    fecha_contrato        DATE,
    sueldo_bruto          NUMBER(10) NOT NULL,
    seguro_obligatorio    NUMBER(3),
    afp                   NUMBER(3),
    salud                 NUMBER(3),
    tpcod_emp             VARCHAR2(10) NOT NULL,
    cod_jefe              VARCHAR2(25),
    sucursal_id_sucursal  NUMBER(5) NOT NULL
);

ALTER TABLE empleado ADD CONSTRAINT empleado_pk PRIMARY KEY ( cod_emp );

CREATE TABLE producto_cliente (
    cat_tarjeta       VARCHAR2(10) NOT NULL,
    run_cli           VARCHAR2(10) NOT NULL,
    fecha_apertura    DATE,
    monto_solicitado  NUMBER(10) NOT NULL,
    estado            VARCHAR2(1)
);

ALTER TABLE producto_cliente ADD CONSTRAINT producto_cliente_pk PRIMARY KEY ( cat_tarjeta,
                                                                              run_cli );

CREATE TABLE sucursal (
    id_sucursal         NUMBER(5) NOT NULL,
    nombre_sucursal     VARCHAR2(50) NOT NULL,
    direccion_sucursal  VARCHAR2(100)
);

ALTER TABLE sucursal ADD CONSTRAINT sucursal_pk PRIMARY KEY ( id_sucursal );

CREATE TABLE tipo_empleado (
    tpcod_emp  VARCHAR2(10) NOT NULL,
    descrip    VARCHAR2(50) NOT NULL
);

ALTER TABLE tipo_empleado ADD CONSTRAINT tipo_empleado_pk PRIMARY KEY ( tpcod_emp );

ALTER TABLE cliente
    ADD CONSTRAINT cli_emp_fk FOREIGN KEY ( cod_emp )
        REFERENCES empleado ( cod_emp );

ALTER TABLE empleado
    ADD CONSTRAINT emp_suc_fk FOREIGN KEY ( sucursal_id_sucursal )
        REFERENCES sucursal ( id_sucursal );

ALTER TABLE empleado
    ADD CONSTRAINT emp_tipo_emp_fk FOREIGN KEY ( tpcod_emp )
        REFERENCES tipo_empleado ( tpcod_emp );

ALTER TABLE empleado
    ADD CONSTRAINT jefe_empleado FOREIGN KEY ( cod_jefe )
        REFERENCES empleado ( cod_emp );

ALTER TABLE producto_cliente
    ADD CONSTRAINT pro_cli_cat_tar_fk FOREIGN KEY ( cat_tarjeta )
        REFERENCES categoria_tarjeta ( cat_tarjeta );

ALTER TABLE producto_cliente
    ADD CONSTRAINT pro_cli_cli_fk FOREIGN KEY ( run_cli )
        REFERENCES cliente ( run_cli );

INSERT INTO "TIPO_EMPLEADO" (TPCOD_EMP, DESCRIP) VALUES ('EJE', 'EJECUTIVO DE CUENTAS');
INSERT INTO "TIPO_EMPLEADO" (TPCOD_EMP, DESCRIP) VALUES ('SUP', 'SUPERVISOR');

INSERT INTO "SUCURSAL" (ID_SUCURSAL, NOMBRE_SUCURSAL, DIRECCION_SUCURSAL) VALUES ('11', 'LOS LEONES', 'CALLE LOS LEONES 335, SANTIAGO CENTRO');
INSERT INTO "SUCURSAL" (ID_SUCURSAL, NOMBRE_SUCURSAL, DIRECCION_SUCURSAL) VALUES ('22', 'LOS HEROES', 'CALLE LOS  HERORES 0998, SANTIAGO CENTRO');
INSERT INTO "SUCURSAL" (ID_SUCURSAL, NOMBRE_SUCURSAL, DIRECCION_SUCURSAL) VALUES ('33', 'ESQUINA PROVIDENCIA', 'AV. PROVIDENCIA 100, SANIAGO');
INSERT INTO "SUCURSAL" (ID_SUCURSAL, NOMBRE_SUCURSAL, DIRECCION_SUCURSAL) VALUES ('44', 'ESCUELA MILITAR', 'ESTACION ESC. MILITAR 1000');
INSERT INTO "SUCURSAL" (ID_SUCURSAL, NOMBRE_SUCURSAL, DIRECCION_SUCURSAL) VALUES ('55', 'PUDAHUEL', 'AV. PRINCIPAL 3');

Insert into EMPLEADO (COD_EMP,NOM_EMP,APAT_EMP,AMAT_EMP,FECHA_CONTRATO,SUELDO_BRUTO,SEGURO_OBLIGATORIO,AFP,SALUD,TPCOD_EMP,COD_JEFE,SUCURSAL_ID_SUCURSAL) values ('2291142196','Aldous','Boullin','Robbs',to_date('02/07/12','DD/MM/RR'),'1000000','9','10','150','SUP',null,'11');
Insert into EMPLEADO (COD_EMP,NOM_EMP,APAT_EMP,AMAT_EMP,FECHA_CONTRATO,SUELDO_BRUTO,SEGURO_OBLIGATORIO,AFP,SALUD,TPCOD_EMP,COD_JEFE,SUCURSAL_ID_SUCURSAL) values ('4157089065','Gisella','Baudacci','Ivanenko',to_date('26/02/15','DD/MM/RR'),'1210000','8','10','100','SUP',null,'11');
Insert into EMPLEADO (COD_EMP,NOM_EMP,APAT_EMP,AMAT_EMP,FECHA_CONTRATO,SUELDO_BRUTO,SEGURO_OBLIGATORIO,AFP,SALUD,TPCOD_EMP,COD_JEFE,SUCURSAL_ID_SUCURSAL) values ('9324838792','Fletcher','Wrightem','Wynter',to_date('22/09/13','DD/MM/RR'),'1300000','9','10','130','EJE','2291142196','11');
Insert into EMPLEADO (COD_EMP,NOM_EMP,APAT_EMP,AMAT_EMP,FECHA_CONTRATO,SUELDO_BRUTO,SEGURO_OBLIGATORIO,AFP,SALUD,TPCOD_EMP,COD_JEFE,SUCURSAL_ID_SUCURSAL) values ('0389747785','Salli','Grut','Capaldi',to_date('22/01/13','DD/MM/RR'),'1400000','10','10','130','EJE','2291142196','33');
Insert into EMPLEADO (COD_EMP,NOM_EMP,APAT_EMP,AMAT_EMP,FECHA_CONTRATO,SUELDO_BRUTO,SEGURO_OBLIGATORIO,AFP,SALUD,TPCOD_EMP,COD_JEFE,SUCURSAL_ID_SUCURSAL) values ('0091714265','Bertrand','Scannell','Colvill',to_date('26/09/10','DD/MM/RR'),'1500000','8','10','150','EJE','2291142196','33');
Insert into EMPLEADO (COD_EMP,NOM_EMP,APAT_EMP,AMAT_EMP,FECHA_CONTRATO,SUELDO_BRUTO,SEGURO_OBLIGATORIO,AFP,SALUD,TPCOD_EMP,COD_JEFE,SUCURSAL_ID_SUCURSAL) values ('2258673496','Bettine','Fancott','Iscowitz',to_date('23/08/15','DD/MM/RR'),'1000000','8','11','100','EJE','2291142196','33');
Insert into EMPLEADO (COD_EMP,NOM_EMP,APAT_EMP,AMAT_EMP,FECHA_CONTRATO,SUELDO_BRUTO,SEGURO_OBLIGATORIO,AFP,SALUD,TPCOD_EMP,COD_JEFE,SUCURSAL_ID_SUCURSAL) values ('3044652456','Luigi','Laban','Fruchter',to_date('28/09/13','DD/MM/RR'),'1210000','9','11','140','EJE',null,'33');
Insert into EMPLEADO (COD_EMP,NOM_EMP,APAT_EMP,AMAT_EMP,FECHA_CONTRATO,SUELDO_BRUTO,SEGURO_OBLIGATORIO,AFP,SALUD,TPCOD_EMP,COD_JEFE,SUCURSAL_ID_SUCURSAL) values ('3954171621','Merwin','Velti','Frays',to_date('11/09/11','DD/MM/RR'),'1300000','15','11','110','EJE',null,'44');
Insert into EMPLEADO (COD_EMP,NOM_EMP,APAT_EMP,AMAT_EMP,FECHA_CONTRATO,SUELDO_BRUTO,SEGURO_OBLIGATORIO,AFP,SALUD,TPCOD_EMP,COD_JEFE,SUCURSAL_ID_SUCURSAL) values ('5353886801','Kerk','Ionnisian','Goodwins',to_date('07/11/13','DD/MM/RR'),'1400000','8','12','110','EJE',null,'55');
Insert into EMPLEADO (COD_EMP,NOM_EMP,APAT_EMP,AMAT_EMP,FECHA_CONTRATO,SUELDO_BRUTO,SEGURO_OBLIGATORIO,AFP,SALUD,TPCOD_EMP,COD_JEFE,SUCURSAL_ID_SUCURSAL) values ('8635489748','Blanch','Iacomini','Burbudge',to_date('12/11/10','DD/MM/RR'),'1500000','8','12','130','EJE',null,'11');
Insert into EMPLEADO (COD_EMP,NOM_EMP,APAT_EMP,AMAT_EMP,FECHA_CONTRATO,SUELDO_BRUTO,SEGURO_OBLIGATORIO,AFP,SALUD,TPCOD_EMP,COD_JEFE,SUCURSAL_ID_SUCURSAL) values ('5366416434','Domini','Cush','Biggins',to_date('21/10/12','DD/MM/RR'),'1000000','8','12','150','EJE',null,'33');
Insert into EMPLEADO (COD_EMP,NOM_EMP,APAT_EMP,AMAT_EMP,FECHA_CONTRATO,SUELDO_BRUTO,SEGURO_OBLIGATORIO,AFP,SALUD,TPCOD_EMP,COD_JEFE,SUCURSAL_ID_SUCURSAL) values ('9333084681','Emmaline','Edling','Seeger',to_date('25/04/12','DD/MM/RR'),'1210000','8','12','100','EJE',null,'33');
Insert into EMPLEADO (COD_EMP,NOM_EMP,APAT_EMP,AMAT_EMP,FECHA_CONTRATO,SUELDO_BRUTO,SEGURO_OBLIGATORIO,AFP,SALUD,TPCOD_EMP,COD_JEFE,SUCURSAL_ID_SUCURSAL) values ('5401366485','Lyndsay','Fosdick','Kayne',to_date('05/09/12','DD/MM/RR'),'1300000','8','12','100','EJE',null,'55');
Insert into EMPLEADO (COD_EMP,NOM_EMP,APAT_EMP,AMAT_EMP,FECHA_CONTRATO,SUELDO_BRUTO,SEGURO_OBLIGATORIO,AFP,SALUD,TPCOD_EMP,COD_JEFE,SUCURSAL_ID_SUCURSAL) values ('5845286646','Keely','Trevillion','Aiken',to_date('24/10/11','DD/MM/RR'),'1400000','10','10','140','EJE','8635489748','11');
Insert into EMPLEADO (COD_EMP,NOM_EMP,APAT_EMP,AMAT_EMP,FECHA_CONTRATO,SUELDO_BRUTO,SEGURO_OBLIGATORIO,AFP,SALUD,TPCOD_EMP,COD_JEFE,SUCURSAL_ID_SUCURSAL) values ('5874950834','Brit','Capell','Finlason',to_date('06/10/13','DD/MM/RR'),'1500000','8','10','130','EJE','8635489748','55');
Insert into EMPLEADO (COD_EMP,NOM_EMP,APAT_EMP,AMAT_EMP,FECHA_CONTRATO,SUELDO_BRUTO,SEGURO_OBLIGATORIO,AFP,SALUD,TPCOD_EMP,COD_JEFE,SUCURSAL_ID_SUCURSAL) values ('7533975618','Keslie','Eliasson','Laybourn',to_date('28/07/15','DD/MM/RR'),'1000000','9','10','100','EJE','8635489748','44');
Insert into EMPLEADO (COD_EMP,NOM_EMP,APAT_EMP,AMAT_EMP,FECHA_CONTRATO,SUELDO_BRUTO,SEGURO_OBLIGATORIO,AFP,SALUD,TPCOD_EMP,COD_JEFE,SUCURSAL_ID_SUCURSAL) values ('9792421177','Shanan','Daveley','Rosencrantz',to_date('24/12/12','DD/MM/RR'),'1210000','10','10','130','EJE',null,'33');
Insert into EMPLEADO (COD_EMP,NOM_EMP,APAT_EMP,AMAT_EMP,FECHA_CONTRATO,SUELDO_BRUTO,SEGURO_OBLIGATORIO,AFP,SALUD,TPCOD_EMP,COD_JEFE,SUCURSAL_ID_SUCURSAL) values ('6525217053','Thatch','Vicker','Brooksbie',to_date('17/06/13','DD/MM/RR'),'1300000','9','10','150','EJE',null,'55');
Insert into EMPLEADO (COD_EMP,NOM_EMP,APAT_EMP,AMAT_EMP,FECHA_CONTRATO,SUELDO_BRUTO,SEGURO_OBLIGATORIO,AFP,SALUD,TPCOD_EMP,COD_JEFE,SUCURSAL_ID_SUCURSAL) values ('4894773007','Catherin','O''Cassidy','Shellsheere',to_date('01/10/10','DD/MM/RR'),'1400000','10','11','130','EJE',null,'33');
Insert into EMPLEADO (COD_EMP,NOM_EMP,APAT_EMP,AMAT_EMP,FECHA_CONTRATO,SUELDO_BRUTO,SEGURO_OBLIGATORIO,AFP,SALUD,TPCOD_EMP,COD_JEFE,SUCURSAL_ID_SUCURSAL) values ('6169212577','Brantley','Atthow','Wrathmall',to_date('06/09/14','DD/MM/RR'),'1500000','9','11','110','EJE','5874950834','33');
Insert into EMPLEADO (COD_EMP,NOM_EMP,APAT_EMP,AMAT_EMP,FECHA_CONTRATO,SUELDO_BRUTO,SEGURO_OBLIGATORIO,AFP,SALUD,TPCOD_EMP,COD_JEFE,SUCURSAL_ID_SUCURSAL) values ('0409494631','Martin','Styche','Cattell',to_date('02/04/13','DD/MM/RR'),'1000000','11','11','100','EJE','5874950834','33');
Insert into EMPLEADO (COD_EMP,NOM_EMP,APAT_EMP,AMAT_EMP,FECHA_CONTRATO,SUELDO_BRUTO,SEGURO_OBLIGATORIO,AFP,SALUD,TPCOD_EMP,COD_JEFE,SUCURSAL_ID_SUCURSAL) values ('1783983078','Jacklyn','Gutch','Senner',to_date('12/10/13','DD/MM/RR'),'1210000','11','12','150','SUP','5874950834','44');
Insert into EMPLEADO (COD_EMP,NOM_EMP,APAT_EMP,AMAT_EMP,FECHA_CONTRATO,SUELDO_BRUTO,SEGURO_OBLIGATORIO,AFP,SALUD,TPCOD_EMP,COD_JEFE,SUCURSAL_ID_SUCURSAL) values ('7463494918','Annora','Basson','Campion',to_date('08/01/15','DD/MM/RR'),'1300000','11','12','140','EJE','5874950834','22');
Insert into EMPLEADO (COD_EMP,NOM_EMP,APAT_EMP,AMAT_EMP,FECHA_CONTRATO,SUELDO_BRUTO,SEGURO_OBLIGATORIO,AFP,SALUD,TPCOD_EMP,COD_JEFE,SUCURSAL_ID_SUCURSAL) values ('9369030859','Trefor','D''Ambrosio','Thormann',to_date('07/12/10','DD/MM/RR'),'1400000','12','12','140','EJE',null,'22');
Insert into EMPLEADO (COD_EMP,NOM_EMP,APAT_EMP,AMAT_EMP,FECHA_CONTRATO,SUELDO_BRUTO,SEGURO_OBLIGATORIO,AFP,SALUD,TPCOD_EMP,COD_JEFE,SUCURSAL_ID_SUCURSAL) values ('6747339118','Elisha','Capner','Apark',to_date('10/06/15','DD/MM/RR'),'1500000','12','12','110','EJE',null,'55');
Insert into EMPLEADO (COD_EMP,NOM_EMP,APAT_EMP,AMAT_EMP,FECHA_CONTRATO,SUELDO_BRUTO,SEGURO_OBLIGATORIO,AFP,SALUD,TPCOD_EMP,COD_JEFE,SUCURSAL_ID_SUCURSAL) values ('8322587015','Tim','Gotfrey','Tailby',to_date('28/11/12','DD/MM/RR'),'1000000','13','10','130','EJE','3954171621','55');
Insert into EMPLEADO (COD_EMP,NOM_EMP,APAT_EMP,AMAT_EMP,FECHA_CONTRATO,SUELDO_BRUTO,SEGURO_OBLIGATORIO,AFP,SALUD,TPCOD_EMP,COD_JEFE,SUCURSAL_ID_SUCURSAL) values ('9280596284','Schuyler','Willcocks','Firbank',to_date('07/06/12','DD/MM/RR'),'1210000','11','10','110','EJE','3954171621','22');
Insert into EMPLEADO (COD_EMP,NOM_EMP,APAT_EMP,AMAT_EMP,FECHA_CONTRATO,SUELDO_BRUTO,SEGURO_OBLIGATORIO,AFP,SALUD,TPCOD_EMP,COD_JEFE,SUCURSAL_ID_SUCURSAL) values ('6100250713','Ilise','Neissen','Sandey',to_date('03/02/14','DD/MM/RR'),'1300000','12','10','100','EJE','3954171621','11');
Insert into EMPLEADO (COD_EMP,NOM_EMP,APAT_EMP,AMAT_EMP,FECHA_CONTRATO,SUELDO_BRUTO,SEGURO_OBLIGATORIO,AFP,SALUD,TPCOD_EMP,COD_JEFE,SUCURSAL_ID_SUCURSAL) values ('6402839884','Sidnee','O''Sheils','Pitkaithly',to_date('16/09/11','DD/MM/RR'),'1400000','10','10','100','EJE','3954171621','33');

Insert into CLIENTE (RUN_CLI,NOM_CLI,APAT_CLI,AMAT_CLI,SUELDO_BRUTO,FECHA_NACIMIENTO,CELULAR,FONO_CEL,FECHA_ING_BANCO,COD_EMP) values ('185349094','Jean','Wortley','Emptage','1109238',to_date('12/09/89','DD/MM/RR'),'900933571',null,to_date('15/01/21','DD/MM/RR'),'4894773007');
Insert into CLIENTE (RUN_CLI,NOM_CLI,APAT_CLI,AMAT_CLI,SUELDO_BRUTO,FECHA_NACIMIENTO,CELULAR,FONO_CEL,FECHA_ING_BANCO,COD_EMP) values ('184434213','Nydia','Wagge','Olechnowicz','1084624',to_date('17/12/81','DD/MM/RR'),'972114455',null,to_date('03/06/21','DD/MM/RR'),'9280596284');
Insert into CLIENTE (RUN_CLI,NOM_CLI,APAT_CLI,AMAT_CLI,SUELDO_BRUTO,FECHA_NACIMIENTO,CELULAR,FONO_CEL,FECHA_ING_BANCO,COD_EMP) values ('177521102','John','Hallagan','Island','988768',to_date('02/08/86','DD/MM/RR'),'977273436',null,to_date('25/01/21','DD/MM/RR'),'5401366485');
Insert into CLIENTE (RUN_CLI,NOM_CLI,APAT_CLI,AMAT_CLI,SUELDO_BRUTO,FECHA_NACIMIENTO,CELULAR,FONO_CEL,FECHA_ING_BANCO,COD_EMP) values ('189511098','Arleyne','Mallia','Carlesi','974657',to_date('13/12/84','DD/MM/RR'),'909474813',null,to_date('08/11/21','DD/MM/RR'),'0409494631');
Insert into CLIENTE (RUN_CLI,NOM_CLI,APAT_CLI,AMAT_CLI,SUELDO_BRUTO,FECHA_NACIMIENTO,CELULAR,FONO_CEL,FECHA_ING_BANCO,COD_EMP) values ('179246108','Abraham','Burl','Mival','985155',to_date('02/11/80','DD/MM/RR'),'917580668',null,to_date('15/03/21','DD/MM/RR'),'6402839884');
Insert into CLIENTE (RUN_CLI,NOM_CLI,APAT_CLI,AMAT_CLI,SUELDO_BRUTO,FECHA_NACIMIENTO,CELULAR,FONO_CEL,FECHA_ING_BANCO,COD_EMP) values ('174090214','Ardene','Korneev','Bachman','1045893',to_date('08/06/90','DD/MM/RR'),'911257889',null,to_date('25/04/21','DD/MM/RR'),'6747339118');
Insert into CLIENTE (RUN_CLI,NOM_CLI,APAT_CLI,AMAT_CLI,SUELDO_BRUTO,FECHA_NACIMIENTO,CELULAR,FONO_CEL,FECHA_ING_BANCO,COD_EMP) values ('181085134','Garth','Woodward','Weigh','1293898',to_date('22/11/80','DD/MM/RR'),'964052712',null,to_date('02/05/21','DD/MM/RR'),'0409494631');
Insert into CLIENTE (RUN_CLI,NOM_CLI,APAT_CLI,AMAT_CLI,SUELDO_BRUTO,FECHA_NACIMIENTO,CELULAR,FONO_CEL,FECHA_ING_BANCO,COD_EMP) values ('189966976','Paddy','Matushenko','Bierling','1302263',to_date('30/08/87','DD/MM/RR'),'900037024',null,to_date('30/09/21','DD/MM/RR'),'4894773007');
Insert into CLIENTE (RUN_CLI,NOM_CLI,APAT_CLI,AMAT_CLI,SUELDO_BRUTO,FECHA_NACIMIENTO,CELULAR,FONO_CEL,FECHA_ING_BANCO,COD_EMP) values ('175148421','Newton','Ackery','Bushnell','1155347',to_date('25/12/80','DD/MM/RR'),'950329911',null,to_date('28/02/21','DD/MM/RR'),'5366416434');
Insert into CLIENTE (RUN_CLI,NOM_CLI,APAT_CLI,AMAT_CLI,SUELDO_BRUTO,FECHA_NACIMIENTO,CELULAR,FONO_CEL,FECHA_ING_BANCO,COD_EMP) values ('189297949','Francoise','Gelsthorpe','Boissieux','1137873',to_date('08/02/81','DD/MM/RR'),'978605060',null,to_date('21/03/21','DD/MM/RR'),'4157089065');
Insert into CLIENTE (RUN_CLI,NOM_CLI,APAT_CLI,AMAT_CLI,SUELDO_BRUTO,FECHA_NACIMIENTO,CELULAR,FONO_CEL,FECHA_ING_BANCO,COD_EMP) values ('183886540','Bliss','Pepper','Davidowsky','1049746',to_date('12/11/86','DD/MM/RR'),'901572321',null,to_date('06/12/21','DD/MM/RR'),'6747339118');
Insert into CLIENTE (RUN_CLI,NOM_CLI,APAT_CLI,AMAT_CLI,SUELDO_BRUTO,FECHA_NACIMIENTO,CELULAR,FONO_CEL,FECHA_ING_BANCO,COD_EMP) values ('172671212','Shane','Bellhouse','Preece','1229869',to_date('10/04/82','DD/MM/RR'),'949174885',null,to_date('31/01/21','DD/MM/RR'),'9324838792');
Insert into CLIENTE (RUN_CLI,NOM_CLI,APAT_CLI,AMAT_CLI,SUELDO_BRUTO,FECHA_NACIMIENTO,CELULAR,FONO_CEL,FECHA_ING_BANCO,COD_EMP) values ('188536995','Leodora','Ikringill','Cowpland','902134',to_date('17/10/89','DD/MM/RR'),'945446224',null,to_date('02/08/21','DD/MM/RR'),'9324838792');
Insert into CLIENTE (RUN_CLI,NOM_CLI,APAT_CLI,AMAT_CLI,SUELDO_BRUTO,FECHA_NACIMIENTO,CELULAR,FONO_CEL,FECHA_ING_BANCO,COD_EMP) values ('210116480','Thornton','Katt','Stenning','1314272',to_date('23/10/89','DD/MM/RR'),'953842279',null,to_date('21/12/21','DD/MM/RR'),'9792421177');
Insert into CLIENTE (RUN_CLI,NOM_CLI,APAT_CLI,AMAT_CLI,SUELDO_BRUTO,FECHA_NACIMIENTO,CELULAR,FONO_CEL,FECHA_ING_BANCO,COD_EMP) values ('216078760','Milka','Goldthorpe','Maynard','1347039',to_date('24/12/85','DD/MM/RR'),'955905771',null,to_date('11/08/21','DD/MM/RR'),'9792421177');
Insert into CLIENTE (RUN_CLI,NOM_CLI,APAT_CLI,AMAT_CLI,SUELDO_BRUTO,FECHA_NACIMIENTO,CELULAR,FONO_CEL,FECHA_ING_BANCO,COD_EMP) values ('217353263','Trula','Cruddas','Grishaev','1265456',to_date('06/02/88','DD/MM/RR'),'967350550',null,to_date('21/01/21','DD/MM/RR'),'5874950834');
Insert into CLIENTE (RUN_CLI,NOM_CLI,APAT_CLI,AMAT_CLI,SUELDO_BRUTO,FECHA_NACIMIENTO,CELULAR,FONO_CEL,FECHA_ING_BANCO,COD_EMP) values ('181242115','Mag','Mayfield','McElwee','987035',to_date('28/12/87','DD/MM/RR'),'958228169',null,to_date('24/12/21','DD/MM/RR'),'5874950834');
Insert into CLIENTE (RUN_CLI,NOM_CLI,APAT_CLI,AMAT_CLI,SUELDO_BRUTO,FECHA_NACIMIENTO,CELULAR,FONO_CEL,FECHA_ING_BANCO,COD_EMP) values ('176281803','Algernon','Veryan','Undrell','1210461',to_date('24/08/89','DD/MM/RR'),'912135733',null,to_date('23/02/21','DD/MM/RR'),'9280596284');
Insert into CLIENTE (RUN_CLI,NOM_CLI,APAT_CLI,AMAT_CLI,SUELDO_BRUTO,FECHA_NACIMIENTO,CELULAR,FONO_CEL,FECHA_ING_BANCO,COD_EMP) values ('217472794','Reginauld','Belle','Timcke','1339851',to_date('01/03/84','DD/MM/RR'),'932162676',null,to_date('30/03/21','DD/MM/RR'),'2291142196');
Insert into CLIENTE (RUN_CLI,NOM_CLI,APAT_CLI,AMAT_CLI,SUELDO_BRUTO,FECHA_NACIMIENTO,CELULAR,FONO_CEL,FECHA_ING_BANCO,COD_EMP) values ('175010494','Hersch','D''Enrico','Hawkett','1140955',to_date('26/09/82','DD/MM/RR'),'924027214',null,to_date('09/07/21','DD/MM/RR'),'9792421177');
Insert into CLIENTE (RUN_CLI,NOM_CLI,APAT_CLI,AMAT_CLI,SUELDO_BRUTO,FECHA_NACIMIENTO,CELULAR,FONO_CEL,FECHA_ING_BANCO,COD_EMP) values ('186656509','Morissa','Choudhury','Rolance','1329168',to_date('03/08/86','DD/MM/RR'),'964907987',null,to_date('08/01/21','DD/MM/RR'),'2291142196');
Insert into CLIENTE (RUN_CLI,NOM_CLI,APAT_CLI,AMAT_CLI,SUELDO_BRUTO,FECHA_NACIMIENTO,CELULAR,FONO_CEL,FECHA_ING_BANCO,COD_EMP) values ('177359244','Kenton','Dudney','Utting','1049636',to_date('04/01/88','DD/MM/RR'),'946289306',null,to_date('27/07/21','DD/MM/RR'),'7463494918');
Insert into CLIENTE (RUN_CLI,NOM_CLI,APAT_CLI,AMAT_CLI,SUELDO_BRUTO,FECHA_NACIMIENTO,CELULAR,FONO_CEL,FECHA_ING_BANCO,COD_EMP) values ('182495537','Dallis','Ells','Dimmick','1149806',to_date('01/10/89','DD/MM/RR'),'976924917',null,to_date('02/02/21','DD/MM/RR'),'7463494918');
Insert into CLIENTE (RUN_CLI,NOM_CLI,APAT_CLI,AMAT_CLI,SUELDO_BRUTO,FECHA_NACIMIENTO,CELULAR,FONO_CEL,FECHA_ING_BANCO,COD_EMP) values ('175624291','Ashley','Snodin','Busst','967217',to_date('17/09/86','DD/MM/RR'),'935242726',null,to_date('04/05/21','DD/MM/RR'),'6402839884');
Insert into CLIENTE (RUN_CLI,NOM_CLI,APAT_CLI,AMAT_CLI,SUELDO_BRUTO,FECHA_NACIMIENTO,CELULAR,FONO_CEL,FECHA_ING_BANCO,COD_EMP) values ('211631802','Nancee','MacTrusty','Tribble','1222710',to_date('14/10/81','DD/MM/RR'),'970274237',null,to_date('21/11/21','DD/MM/RR'),'4894773007');
Insert into CLIENTE (RUN_CLI,NOM_CLI,APAT_CLI,AMAT_CLI,SUELDO_BRUTO,FECHA_NACIMIENTO,CELULAR,FONO_CEL,FECHA_ING_BANCO,COD_EMP) values ('178377480','Nonnah','Colaton','Heineke','1394850',to_date('01/02/81','DD/MM/RR'),'957224876',null,to_date('12/05/21','DD/MM/RR'),'4157089065');
Insert into CLIENTE (RUN_CLI,NOM_CLI,APAT_CLI,AMAT_CLI,SUELDO_BRUTO,FECHA_NACIMIENTO,CELULAR,FONO_CEL,FECHA_ING_BANCO,COD_EMP) values ('173099882','Jorgan','Ruck','Houldey','865771',to_date('16/03/85','DD/MM/RR'),'964061837',null,to_date('02/12/21','DD/MM/RR'),'6747339118');
Insert into CLIENTE (RUN_CLI,NOM_CLI,APAT_CLI,AMAT_CLI,SUELDO_BRUTO,FECHA_NACIMIENTO,CELULAR,FONO_CEL,FECHA_ING_BANCO,COD_EMP) values ('171610139','Arch','Jeandon','Hammell','1045821',to_date('12/06/87','DD/MM/RR'),'902918395',null,to_date('04/07/21','DD/MM/RR'),'5874950834');
Insert into CLIENTE (RUN_CLI,NOM_CLI,APAT_CLI,AMAT_CLI,SUELDO_BRUTO,FECHA_NACIMIENTO,CELULAR,FONO_CEL,FECHA_ING_BANCO,COD_EMP) values ('179468085','Beverley','Judgkins','Gerrietz','1127448',to_date('26/06/85','DD/MM/RR'),'958653994',null,to_date('02/02/21','DD/MM/RR'),'9792421177');
Insert into CLIENTE (RUN_CLI,NOM_CLI,APAT_CLI,AMAT_CLI,SUELDO_BRUTO,FECHA_NACIMIENTO,CELULAR,FONO_CEL,FECHA_ING_BANCO,COD_EMP) values ('176341590','Sigismondo','Thoms','Corker','1024921',to_date('22/09/83','DD/MM/RR'),'925749255',null,to_date('21/03/21','DD/MM/RR'),'6402839884');
Insert into CLIENTE (RUN_CLI,NOM_CLI,APAT_CLI,AMAT_CLI,SUELDO_BRUTO,FECHA_NACIMIENTO,CELULAR,FONO_CEL,FECHA_ING_BANCO,COD_EMP) values ('215921300','Astrix','Robjents','Mollitt','971731',to_date('21/09/80','DD/MM/RR'),'933159735',null,to_date('29/08/21','DD/MM/RR'),'4894773007');
Insert into CLIENTE (RUN_CLI,NOM_CLI,APAT_CLI,AMAT_CLI,SUELDO_BRUTO,FECHA_NACIMIENTO,CELULAR,FONO_CEL,FECHA_ING_BANCO,COD_EMP) values ('212279318','Kaia','Gibbeson','Robard','1363035',to_date('01/10/88','DD/MM/RR'),'912577908',null,to_date('27/05/21','DD/MM/RR'),'9324838792');
Insert into CLIENTE (RUN_CLI,NOM_CLI,APAT_CLI,AMAT_CLI,SUELDO_BRUTO,FECHA_NACIMIENTO,CELULAR,FONO_CEL,FECHA_ING_BANCO,COD_EMP) values ('179626780','Wiley','Thursby','Poynton','1016149',to_date('17/02/90','DD/MM/RR'),'925833897',null,to_date('14/11/21','DD/MM/RR'),'6402839884');
Insert into CLIENTE (RUN_CLI,NOM_CLI,APAT_CLI,AMAT_CLI,SUELDO_BRUTO,FECHA_NACIMIENTO,CELULAR,FONO_CEL,FECHA_ING_BANCO,COD_EMP) values ('182824456','Allie','Cordell','Becom','1358126',to_date('21/07/84','DD/MM/RR'),'967938006',null,to_date('09/12/21','DD/MM/RR'),'9792421177');
Insert into CLIENTE (RUN_CLI,NOM_CLI,APAT_CLI,AMAT_CLI,SUELDO_BRUTO,FECHA_NACIMIENTO,CELULAR,FONO_CEL,FECHA_ING_BANCO,COD_EMP) values ('173112729','Harmonia','Dufall','MacTrustey','928463',to_date('22/11/80','DD/MM/RR'),'959254053',null,to_date('02/01/21','DD/MM/RR'),'9792421177');
Insert into CLIENTE (RUN_CLI,NOM_CLI,APAT_CLI,AMAT_CLI,SUELDO_BRUTO,FECHA_NACIMIENTO,CELULAR,FONO_CEL,FECHA_ING_BANCO,COD_EMP) values ('189042686','Algernon','Lisciardelli','Haselwood','829531',to_date('08/01/82','DD/MM/RR'),'909715367',null,to_date('11/06/21','DD/MM/RR'),'5366416434');
Insert into CLIENTE (RUN_CLI,NOM_CLI,APAT_CLI,AMAT_CLI,SUELDO_BRUTO,FECHA_NACIMIENTO,CELULAR,FONO_CEL,FECHA_ING_BANCO,COD_EMP) values ('181047221','La verne','Bothen','Caddan','984294',to_date('25/09/84','DD/MM/RR'),'974555147',null,to_date('21/09/21','DD/MM/RR'),'5401366485');
Insert into CLIENTE (RUN_CLI,NOM_CLI,APAT_CLI,AMAT_CLI,SUELDO_BRUTO,FECHA_NACIMIENTO,CELULAR,FONO_CEL,FECHA_ING_BANCO,COD_EMP) values ('216609926','Adria','Brokenshire','McCrow','1264521',to_date('06/03/89','DD/MM/RR'),'950391576',null,to_date('08/12/21','DD/MM/RR'),'5874950834');
Insert into CLIENTE (RUN_CLI,NOM_CLI,APAT_CLI,AMAT_CLI,SUELDO_BRUTO,FECHA_NACIMIENTO,CELULAR,FONO_CEL,FECHA_ING_BANCO,COD_EMP) values ('173844562','Harbert','Gabbot','Brittoner','902582',to_date('13/03/84','DD/MM/RR'),'953459050',null,to_date('17/01/21','DD/MM/RR'),'6402839884');
Insert into CLIENTE (RUN_CLI,NOM_CLI,APAT_CLI,AMAT_CLI,SUELDO_BRUTO,FECHA_NACIMIENTO,CELULAR,FONO_CEL,FECHA_ING_BANCO,COD_EMP) values ('215242837','Linc','Hinkens','Morrowe','940848',to_date('06/09/83','DD/MM/RR'),'972948217',null,to_date('09/11/21','DD/MM/RR'),'5366416434');
Insert into CLIENTE (RUN_CLI,NOM_CLI,APAT_CLI,AMAT_CLI,SUELDO_BRUTO,FECHA_NACIMIENTO,CELULAR,FONO_CEL,FECHA_ING_BANCO,COD_EMP) values ('176126041','Cristin','Vittel','Kohnert','1124600',to_date('24/10/82','DD/MM/RR'),'917146222',null,to_date('07/07/21','DD/MM/RR'),'4894773007');
Insert into CLIENTE (RUN_CLI,NOM_CLI,APAT_CLI,AMAT_CLI,SUELDO_BRUTO,FECHA_NACIMIENTO,CELULAR,FONO_CEL,FECHA_ING_BANCO,COD_EMP) values ('212885259','Giff','Goward','Welton','908797',to_date('10/07/89','DD/MM/RR'),'983727411',null,to_date('01/11/21','DD/MM/RR'),'4157089065');
Insert into CLIENTE (RUN_CLI,NOM_CLI,APAT_CLI,AMAT_CLI,SUELDO_BRUTO,FECHA_NACIMIENTO,CELULAR,FONO_CEL,FECHA_ING_BANCO,COD_EMP) values ('2145412','Bernita','Crellim','McCobb','1331109',to_date('13/07/81','DD/MM/RR'),'927822438',null,to_date('22/05/21','DD/MM/RR'),'4157089065');
Insert into CLIENTE (RUN_CLI,NOM_CLI,APAT_CLI,AMAT_CLI,SUELDO_BRUTO,FECHA_NACIMIENTO,CELULAR,FONO_CEL,FECHA_ING_BANCO,COD_EMP) values ('184650044','Gard','Aldwick','Arnaudet','1229884',to_date('09/04/82','DD/MM/RR'),'962121568',null,to_date('18/11/21','DD/MM/RR'),'9792421177');
Insert into CLIENTE (RUN_CLI,NOM_CLI,APAT_CLI,AMAT_CLI,SUELDO_BRUTO,FECHA_NACIMIENTO,CELULAR,FONO_CEL,FECHA_ING_BANCO,COD_EMP) values ('180731472','Kori','Sudell','Kellock','887231',to_date('24/11/82','DD/MM/RR'),'951518539',null,to_date('29/04/21','DD/MM/RR'),'5366416434');
Insert into CLIENTE (RUN_CLI,NOM_CLI,APAT_CLI,AMAT_CLI,SUELDO_BRUTO,FECHA_NACIMIENTO,CELULAR,FONO_CEL,FECHA_ING_BANCO,COD_EMP) values ('214426035','Svend','Hamnet','Buckoke','1268425',to_date('10/07/81','DD/MM/RR'),'961088510',null,to_date('27/05/21','DD/MM/RR'),'2291142196');
Insert into CLIENTE (RUN_CLI,NOM_CLI,APAT_CLI,AMAT_CLI,SUELDO_BRUTO,FECHA_NACIMIENTO,CELULAR,FONO_CEL,FECHA_ING_BANCO,COD_EMP) values ('173966086','Milzie','Gorden','Juares','1271856',to_date('29/11/89','DD/MM/RR'),'906631357',null,to_date('07/02/21','DD/MM/RR'),'5366416434');
Insert into CLIENTE (RUN_CLI,NOM_CLI,APAT_CLI,AMAT_CLI,SUELDO_BRUTO,FECHA_NACIMIENTO,CELULAR,FONO_CEL,FECHA_ING_BANCO,COD_EMP) values ('215635662','Bernadine','Philipard','Ecob','1246080',to_date('31/07/87','DD/MM/RR'),'952101778',null,to_date('23/09/21','DD/MM/RR'),'6747339118');
Insert into CLIENTE (RUN_CLI,NOM_CLI,APAT_CLI,AMAT_CLI,SUELDO_BRUTO,FECHA_NACIMIENTO,CELULAR,FONO_CEL,FECHA_ING_BANCO,COD_EMP) values ('218253554','Nickey','Skellion','Stouther','1399740',to_date('14/05/83','DD/MM/RR'),'977153779',null,to_date('21/10/21','DD/MM/RR'),'9280596284');
Insert into CLIENTE (RUN_CLI,NOM_CLI,APAT_CLI,AMAT_CLI,SUELDO_BRUTO,FECHA_NACIMIENTO,CELULAR,FONO_CEL,FECHA_ING_BANCO,COD_EMP) values ('176069821','Jeni','Feild','Northing','1042964',to_date('29/08/87','DD/MM/RR'),'932518121',null,to_date('10/06/21','DD/MM/RR'),'9280596284');
Insert into CLIENTE (RUN_CLI,NOM_CLI,APAT_CLI,AMAT_CLI,SUELDO_BRUTO,FECHA_NACIMIENTO,CELULAR,FONO_CEL,FECHA_ING_BANCO,COD_EMP) values ('178838325','Candice','Narducci','Enever','1398442',to_date('10/08/89','DD/MM/RR'),'972772173',null,to_date('02/09/21','DD/MM/RR'),'4894773007');
Insert into CLIENTE (RUN_CLI,NOM_CLI,APAT_CLI,AMAT_CLI,SUELDO_BRUTO,FECHA_NACIMIENTO,CELULAR,FONO_CEL,FECHA_ING_BANCO,COD_EMP) values ('217961005','Jesse','Colly','Shingler','811376',to_date('17/04/86','DD/MM/RR'),'927278995',null,to_date('21/05/21','DD/MM/RR'),'9280596284');
Insert into CLIENTE (RUN_CLI,NOM_CLI,APAT_CLI,AMAT_CLI,SUELDO_BRUTO,FECHA_NACIMIENTO,CELULAR,FONO_CEL,FECHA_ING_BANCO,COD_EMP) values ('172948818','Ernest','Furminger','Gimlet','1054128',to_date('05/11/88','DD/MM/RR'),'912187733',null,to_date('17/04/21','DD/MM/RR'),'4894773007');
Insert into CLIENTE (RUN_CLI,NOM_CLI,APAT_CLI,AMAT_CLI,SUELDO_BRUTO,FECHA_NACIMIENTO,CELULAR,FONO_CEL,FECHA_ING_BANCO,COD_EMP) values ('216425081','Dasya','Vakhrushev','Schouthede','1249530',to_date('11/08/81','DD/MM/RR'),'974430548',null,to_date('27/04/21','DD/MM/RR'),'9324838792');
Insert into CLIENTE (RUN_CLI,NOM_CLI,APAT_CLI,AMAT_CLI,SUELDO_BRUTO,FECHA_NACIMIENTO,CELULAR,FONO_CEL,FECHA_ING_BANCO,COD_EMP) values ('186299461','Ewell','Enrich','Hunnam','1260451',to_date('28/07/89','DD/MM/RR'),'934406043',null,to_date('14/08/21','DD/MM/RR'),'9792421177');
Insert into CLIENTE (RUN_CLI,NOM_CLI,APAT_CLI,AMAT_CLI,SUELDO_BRUTO,FECHA_NACIMIENTO,CELULAR,FONO_CEL,FECHA_ING_BANCO,COD_EMP) values ('179844057','Justus','Bernuzzi','Witheridge','908636',to_date('17/09/86','DD/MM/RR'),'956960017',null,to_date('30/11/21','DD/MM/RR'),'9280596284');
Insert into CLIENTE (RUN_CLI,NOM_CLI,APAT_CLI,AMAT_CLI,SUELDO_BRUTO,FECHA_NACIMIENTO,CELULAR,FONO_CEL,FECHA_ING_BANCO,COD_EMP) values ('215487961','Vita','Owbrick','O''Beirne','1287276',to_date('23/09/87','DD/MM/RR'),'909477683',null,to_date('28/04/21','DD/MM/RR'),'9324838792');
Insert into CLIENTE (RUN_CLI,NOM_CLI,APAT_CLI,AMAT_CLI,SUELDO_BRUTO,FECHA_NACIMIENTO,CELULAR,FONO_CEL,FECHA_ING_BANCO,COD_EMP) values ('212528524','Elset','Arkcoll','Ramberg','915018',to_date('21/04/87','DD/MM/RR'),'940610062',null,to_date('01/06/21','DD/MM/RR'),'2291142196');
Insert into CLIENTE (RUN_CLI,NOM_CLI,APAT_CLI,AMAT_CLI,SUELDO_BRUTO,FECHA_NACIMIENTO,CELULAR,FONO_CEL,FECHA_ING_BANCO,COD_EMP) values ('174124730','Jorey','Westley','Ternouth','1000291',to_date('17/02/89','DD/MM/RR'),'905864425',null,to_date('10/03/21','DD/MM/RR'),'4157089065');
Insert into CLIENTE (RUN_CLI,NOM_CLI,APAT_CLI,AMAT_CLI,SUELDO_BRUTO,FECHA_NACIMIENTO,CELULAR,FONO_CEL,FECHA_ING_BANCO,COD_EMP) values ('179155587','Hurleigh','Sizeland','De Castri','976278',to_date('18/10/88','DD/MM/RR'),'938075215',null,to_date('29/09/21','DD/MM/RR'),'3954171621');

INSERT INTO "CATEGORIA_TARJETA" (CAT_TARJETA, DESCRIP_TAR) VALUES ('VIS', 'CUENTA VISTA');
INSERT INTO "CATEGORIA_TARJETA" (CAT_TARJETA, DESCRIP_TAR) VALUES ('AHO', 'CUENTA DE AHORRO');
INSERT INTO "CATEGORIA_TARJETA" (CAT_TARJETA, DESCRIP_TAR) VALUES ('COR', 'CUENTA CORRIENTE');
INSERT INTO "CATEGORIA_TARJETA" (CAT_TARJETA, DESCRIP_TAR) VALUES ('PRE', 'PREPAGO');


INSERT INTO "PRODUCTO_CLIENTE" (CAT_TARJETA, RUN_CLI, FECHA_APERTURA, MONTO_SOLICITADO, ESTADO) VALUES ('VIS', '185349094', TO_DATE('2021-02-01 00:00:00', 'YYYY-MM-DD HH24:MI:SS'), '0', 'S');
INSERT INTO "PRODUCTO_CLIENTE" (CAT_TARJETA, RUN_CLI, FECHA_APERTURA, MONTO_SOLICITADO, ESTADO) VALUES ('AHO', '184434213', TO_DATE('2021-02-01 00:00:00', 'YYYY-MM-DD HH24:MI:SS'), '0', 'S');
INSERT INTO "PRODUCTO_CLIENTE" (CAT_TARJETA, RUN_CLI, FECHA_APERTURA, MONTO_SOLICITADO, ESTADO) VALUES ('COR', '177521102', TO_DATE('2021-05-06 00:00:00', 'YYYY-MM-DD HH24:MI:SS'), '1000000', 'S');
INSERT INTO "PRODUCTO_CLIENTE" (CAT_TARJETA, RUN_CLI, FECHA_APERTURA, MONTO_SOLICITADO, ESTADO) VALUES ('PRE', '189511098', TO_DATE('2021-02-09 00:00:00', 'YYYY-MM-DD HH24:MI:SS'), '0', 'S');
INSERT INTO "PRODUCTO_CLIENTE" (CAT_TARJETA, RUN_CLI, FECHA_APERTURA, MONTO_SOLICITADO, ESTADO) VALUES ('VIS', '179246108', TO_DATE('2021-02-15 00:00:00', 'YYYY-MM-DD HH24:MI:SS'), '0', 'S');
INSERT INTO "PRODUCTO_CLIENTE" (CAT_TARJETA, RUN_CLI, FECHA_APERTURA, MONTO_SOLICITADO, ESTADO) VALUES ('AHO', '174090214', TO_DATE('2021-07-01 00:00:00', 'YYYY-MM-DD HH24:MI:SS'), '0', 'S');
INSERT INTO "PRODUCTO_CLIENTE" (CAT_TARJETA, RUN_CLI, FECHA_APERTURA, MONTO_SOLICITADO, ESTADO) VALUES ('COR', '181085134', TO_DATE('2021-07-02 00:00:00', 'YYYY-MM-DD HH24:MI:SS'), '900000', 'S');
INSERT INTO "PRODUCTO_CLIENTE" (CAT_TARJETA, RUN_CLI, FECHA_APERTURA, MONTO_SOLICITADO, ESTADO) VALUES ('PRE', '189966976', TO_DATE('2021-07-16 00:00:00', 'YYYY-MM-DD HH24:MI:SS'), '0', 'S');
INSERT INTO "PRODUCTO_CLIENTE" (CAT_TARJETA, RUN_CLI, FECHA_APERTURA, MONTO_SOLICITADO, ESTADO) VALUES ('VIS', '175148421', TO_DATE('2021-07-14 00:00:00', 'YYYY-MM-DD HH24:MI:SS'), '0', 'S');
INSERT INTO "PRODUCTO_CLIENTE" (CAT_TARJETA, RUN_CLI, FECHA_APERTURA, MONTO_SOLICITADO, ESTADO) VALUES ('AHO', '189297949', TO_DATE('2021-07-16 00:00:00', 'YYYY-MM-DD HH24:MI:SS'), '0', 'S');
INSERT INTO "PRODUCTO_CLIENTE" (CAT_TARJETA, RUN_CLI, FECHA_APERTURA, MONTO_SOLICITADO, ESTADO) VALUES ('COR', '183886540', TO_DATE('2021-07-08 00:00:00', 'YYYY-MM-DD HH24:MI:SS'), '750000', 'N');
INSERT INTO "PRODUCTO_CLIENTE" (CAT_TARJETA, RUN_CLI, FECHA_APERTURA, MONTO_SOLICITADO, ESTADO) VALUES ('PRE', '172671212', TO_DATE('2021-07-06 00:00:00', 'YYYY-MM-DD HH24:MI:SS'), '0', 'N');
INSERT INTO "PRODUCTO_CLIENTE" (CAT_TARJETA, RUN_CLI, FECHA_APERTURA, MONTO_SOLICITADO, ESTADO) VALUES ('VIS', '188536995', TO_DATE('2021-07-25 00:00:00', 'YYYY-MM-DD HH24:MI:SS'), '0', 'N');
INSERT INTO "PRODUCTO_CLIENTE" (CAT_TARJETA, RUN_CLI, FECHA_APERTURA, MONTO_SOLICITADO, ESTADO) VALUES ('AHO', '210116480', TO_DATE('2021-07-26 00:00:00', 'YYYY-MM-DD HH24:MI:SS'), '0', 'N');
INSERT INTO "PRODUCTO_CLIENTE" (CAT_TARJETA, RUN_CLI, FECHA_APERTURA, MONTO_SOLICITADO, ESTADO) VALUES ('COR', '216078760', TO_DATE('2021-09-06 00:00:00', 'YYYY-MM-DD HH24:MI:SS'), '1000000', 'N');
INSERT INTO "PRODUCTO_CLIENTE" (CAT_TARJETA, RUN_CLI, FECHA_APERTURA, MONTO_SOLICITADO, ESTADO) VALUES ('PRE', '217353263', TO_DATE('2021-09-07 00:00:00', 'YYYY-MM-DD HH24:MI:SS'), '0', 'S');
INSERT INTO "PRODUCTO_CLIENTE" (CAT_TARJETA, RUN_CLI, FECHA_APERTURA, MONTO_SOLICITADO, ESTADO) VALUES ('VIS', '181242115', TO_DATE('2021-09-15 00:00:00', 'YYYY-MM-DD HH24:MI:SS'), '0', 'S');
INSERT INTO "PRODUCTO_CLIENTE" (CAT_TARJETA, RUN_CLI, FECHA_APERTURA, MONTO_SOLICITADO, ESTADO) VALUES ('AHO', '176281803', TO_DATE('2021-09-10 00:00:00', 'YYYY-MM-DD HH24:MI:SS'), '0', 'S');
INSERT INTO "PRODUCTO_CLIENTE" (CAT_TARJETA, RUN_CLI, FECHA_APERTURA, MONTO_SOLICITADO, ESTADO) VALUES ('COR', '217472794', TO_DATE('2021-09-11 00:00:00', 'YYYY-MM-DD HH24:MI:SS'), '1210000', 'S');
INSERT INTO "PRODUCTO_CLIENTE" (CAT_TARJETA, RUN_CLI, FECHA_APERTURA, MONTO_SOLICITADO, ESTADO) VALUES ('PRE', '175010494', TO_DATE('2021-09-06 00:00:00', 'YYYY-MM-DD HH24:MI:SS'), '0', 'N');
INSERT INTO "PRODUCTO_CLIENTE" (CAT_TARJETA, RUN_CLI, FECHA_APERTURA, MONTO_SOLICITADO, ESTADO) VALUES ('VIS', '186656509', TO_DATE('2021-08-03 00:00:00', 'YYYY-MM-DD HH24:MI:SS'), '0', 'N');
INSERT INTO "PRODUCTO_CLIENTE" (CAT_TARJETA, RUN_CLI, FECHA_APERTURA, MONTO_SOLICITADO, ESTADO) VALUES ('AHO', '177359244', TO_DATE('2021-08-10 00:00:00', 'YYYY-MM-DD HH24:MI:SS'), '0', 'N');
INSERT INTO "PRODUCTO_CLIENTE" (CAT_TARJETA, RUN_CLI, FECHA_APERTURA, MONTO_SOLICITADO, ESTADO) VALUES ('COR', '182495537', TO_DATE('2021-08-08 00:00:00', 'YYYY-MM-DD HH24:MI:SS'), '1300000', 'N');
INSERT INTO "PRODUCTO_CLIENTE" (CAT_TARJETA, RUN_CLI, FECHA_APERTURA, MONTO_SOLICITADO, ESTADO) VALUES ('PRE', '175624291', TO_DATE('2021-08-09 00:00:00', 'YYYY-MM-DD HH24:MI:SS'), '0', 'S');
INSERT INTO "PRODUCTO_CLIENTE" (CAT_TARJETA, RUN_CLI, FECHA_APERTURA, MONTO_SOLICITADO, ESTADO) VALUES ('VIS', '211631802', TO_DATE('2021-09-14 00:00:00', 'YYYY-MM-DD HH24:MI:SS'), '0', 'S');
INSERT INTO "PRODUCTO_CLIENTE" (CAT_TARJETA, RUN_CLI, FECHA_APERTURA, MONTO_SOLICITADO, ESTADO) VALUES ('AHO', '178377480', TO_DATE('2021-09-10 00:00:00', 'YYYY-MM-DD HH24:MI:SS'), '0', 'S');
INSERT INTO "PRODUCTO_CLIENTE" (CAT_TARJETA, RUN_CLI, FECHA_APERTURA, MONTO_SOLICITADO, ESTADO) VALUES ('COR', '173099882', TO_DATE('21-09-06 00:00:00', 'YYYY-MM-DD HH24:MI:SS'), '1400000', 'N');
INSERT INTO "PRODUCTO_CLIENTE" (CAT_TARJETA, RUN_CLI, FECHA_APERTURA, MONTO_SOLICITADO, ESTADO) VALUES ('PRE', '171610139', TO_DATE('21-09-06 00:00:00', 'YYYY-MM-DD HH24:MI:SS'), '0', 'N');
INSERT INTO "PRODUCTO_CLIENTE" (CAT_TARJETA, RUN_CLI, FECHA_APERTURA, MONTO_SOLICITADO, ESTADO) VALUES ('VIS', '179468085', TO_DATE('21-09-03 00:00:00', 'YYYY-MM-DD HH24:MI:SS'), '0', 'N');
INSERT INTO "PRODUCTO_CLIENTE" (CAT_TARJETA, RUN_CLI, FECHA_APERTURA, MONTO_SOLICITADO, ESTADO) VALUES ('AHO', '176341590', TO_DATE('21-08-08 00:00:00', 'YYYY-MM-DD HH24:MI:SS'), '0', 'S');

COMMIT;
